{"cameraMode":{"drawMode":0,"name":"Shaded","section":"Shading Mode"},"sceneLighting":true,"audioPlay":false,"sceneViewState":{"showFog":true,"showMaterialUpdate":true,"showSkybox":true,"showFlares":true,"showImageEffects":true,"showParticleSystems":true},"in2DMode":false,"pivot":{"x":84.0824203491211,"y":19.824039459228517,"z":15.226364135742188},"rotation":{"x":0.1833927035331726,"y":0.02566584385931492,"z":-0.004790354985743761,"w":0.9826972484588623},"size":613.1018676757813,"orthographic":false}