{"cameraMode":{"drawMode":0,"name":"Shaded","section":"Shading Mode"},"sceneLighting":true,"audioPlay":false,"sceneViewState":{"showFog":true,"showMaterialUpdate":true,"showSkybox":true,"showFlares":true,"showImageEffects":true,"showParticleSystems":true},"in2DMode":false,"pivot":{"x":0.04529762268066406,"y":3.7109856605529787,"z":1.1413134336471558},"rotation":{"x":0.14017535746097566,"y":0.6928768157958984,"z":-0.140092670917511,"w":0.6932874321937561},"size":8.595314025878907,"orthographic":false}